{
    "overall": {
        "mean_revenue_gap": 0.4029607274186124,
        "std_revenue_gap": 0.6144109403849796,
        "mean_dp_time": 0.4193056666666666,
        "mean_saa_time": 28.467197450002036
    },
    "statistical_tests": {
        "t_statistic": 3.6113658165026137,
        "p_value": 0.001136103662464192
    },
    "confidence_intervals": {
        "revenue_gap_lower": 0.1735359117875459,
        "revenue_gap_upper": 0.6323855430496789
    },
    "by_capacity": {
        "3": {
            "revenue_gap_mean": 0.40296072741861233,
            "revenue_gap_std": 0.6144109403849796,
            "dp_time_mean": 0.41930566666666663,
            "saa_time_mean": 28.467197450002036
        }
    }
}