{
    "property_analysis": {
        "boutique": {
            "mean_saa_time": 447.19048229853314,
            "std_saa_time": 197.31652133615384,
            "mean_state_space": 1.241763432820638e+47,
            "min_time": 150.9407262802124,
            "max_time": 874.2632353305817
        },
        "mid_size": {
            "mean_saa_time": 799.8966630829705,
            "std_saa_time": 397.15367710283397,
            "mean_state_space": 2.0632150921900156e+182,
            "min_time": 294.2376980781555,
            "max_time": 1551.244796037674
        },
        "large": {
            "mean_saa_time": 931.9072555303574,
            "std_saa_time": 344.9833952206093,
            "mean_state_space": 5.986257591281009e+207,
            "min_time": 435.03213906288147,
            "max_time": 1406.1894872188568
        },
        "resort_chain": {
            "mean_saa_time": 834.9488766789436,
            "std_saa_time": 204.21037860581353,
            "mean_state_space": 1.1579106183941906e+233,
            "min_time": 484.6982932090759,
            "max_time": 1165.4111738204956
        }
    },
    "scaling_analysis": {
        "    boutique\nName: 0, dtype: object_T    28\nName: 0, dtype: object_N    7\nName: 0, dtype: object": {
            "saa_time_mean": 268.6169976234436,
            "saa_time_std": 65.92831913967841,
            "dp_time_mean": null,
            "dp_time_std": null,
            "state_space_size": 781250000000.0
        },
        "    boutique\nName: 1, dtype: object_T    28\nName: 1, dtype: object_N    14\nName: 1, dtype: object": {
            "saa_time_mean": 300.8786624908447,
            "saa_time_std": 119.70767670341394,
            "dp_time_mean": null,
            "dp_time_std": null,
            "state_space_size": 6.103515625e+23
        },
        "    boutique\nName: 2, dtype: object_T    28\nName: 2, dtype: object_N    28\nName: 2, dtype: object": {
            "saa_time_mean": 444.72267775535585,
            "saa_time_std": 153.78745194203498,
            "dp_time_mean": null,
            "dp_time_std": null,
            "state_space_size": 3.725290298461914e+47
        },
        "    boutique\nName: 3, dtype: object_T    56\nName: 3, dtype: object_N    7\nName: 3, dtype: object": {
            "saa_time_mean": 330.486096906662,
            "saa_time_std": 83.00063446106414,
            "dp_time_mean": null,
            "dp_time_std": null,
            "state_space_size": 781250000000.0
        },
        "    boutique\nName: 4, dtype: object_T    56\nName: 4, dtype: object_N    14\nName: 4, dtype: object": {
            "saa_time_mean": 605.3381650447845,
            "saa_time_std": 7.52237488353012,
            "dp_time_mean": null,
            "dp_time_std": null,
            "state_space_size": 6.103515625e+23
        },
        "    boutique\nName: 5, dtype: object_T    56\nName: 5, dtype: object_N    28\nName: 5, dtype: object": {
            "saa_time_mean": 659.7299540519714,
            "saa_time_std": 225.33207560149341,
            "dp_time_mean": null,
            "dp_time_std": null,
            "state_space_size": 3.725290298461914e+47
        },
        "    boutique\nName: 6, dtype: object_T    84\nName: 6, dtype: object_N    7\nName: 6, dtype: object": {
            "saa_time_mean": 303.44274287223817,
            "saa_time_std": 102.66735399197134,
            "dp_time_mean": null,
            "dp_time_std": null,
            "state_space_size": 781250000000.0
        },
        "    boutique\nName: 7, dtype: object_T    84\nName: 7, dtype: object_N    14\nName: 7, dtype: object": {
            "saa_time_mean": 499.0269530773163,
            "saa_time_std": 171.27605602812972,
            "dp_time_mean": null,
            "dp_time_std": null,
            "state_space_size": 6.103515625e+23
        },
        "    boutique\nName: 8, dtype: object_T    84\nName: 8, dtype: object_N    28\nName: 8, dtype: object": {
            "saa_time_mean": 612.4720908641815,
            "saa_time_std": 231.5843138999994,
            "dp_time_mean": null,
            "dp_time_std": null,
            "state_space_size": 3.725290298461914e+47
        },
        "    large\nName: 9, dtype: object_T    84\nName: 9, dtype: object_N    28\nName: 9, dtype: object": {
            "saa_time_mean": 702.6947141170501,
            "saa_time_std": 238.49655847693978,
            "dp_time_mean": null,
            "dp_time_std": null,
            "state_space_size": 2.2876792454961e+69
        },
        "    large\nName: 10, dtype: object_T    84\nName: 10, dtype: object_N    84\nName: 10, dtype: object": {
            "saa_time_mean": 1048.3358241558076,
            "saa_time_std": 289.19074810526456,
            "dp_time_mean": null,
            "dp_time_std": null,
            "state_space_size": 1.1972515182562019e+208
        },
        "    large\nName: 11, dtype: object_T    168\nName: 11, dtype: object_N    28\nName: 11, dtype: object": {
            "saa_time_mean": 578.6874232769012,
            "saa_time_std": 197.48935024210556,
            "dp_time_mean": null,
            "dp_time_std": null,
            "state_space_size": 2.2876792454961e+69
        },
        "    large\nName: 12, dtype: object_T    168\nName: 12, dtype: object_N    84\nName: 12, dtype: object": {
            "saa_time_mean": 1361.8890144348145,
            "saa_time_std": 49.91734012317722,
            "dp_time_mean": null,
            "dp_time_std": null,
            "state_space_size": 1.1972515182562019e+208
        },
        "    large\nName: 13, dtype: object_T    336\nName: 13, dtype: object_N    28\nName: 13, dtype: object": {
            "saa_time_mean": 686.2891742229461,
            "saa_time_std": 158.5502584565445,
            "dp_time_mean": null,
            "dp_time_std": null,
            "state_space_size": 2.2876792454961e+69
        },
        "    large\nName: 14, dtype: object_T    336\nName: 14, dtype: object_N    84\nName: 14, dtype: object": {
            "saa_time_mean": 1213.5473829746247,
            "saa_time_std": 107.07176118433608,
            "dp_time_mean": null,
            "dp_time_std": null,
            "state_space_size": 1.1972515182562019e+208
        },
        "    mid_size\nName: 15, dtype: object_T    56\nName: 15, dtype: object_N    14\nName: 15, dtype: object": {
            "saa_time_mean": 477.7304561138153,
            "saa_time_std": 165.20099865552103,
            "dp_time_mean": null,
            "dp_time_std": null,
            "state_space_size": 2.9192926025390627e+30
        },
        "    mid_size\nName: 16, dtype: object_T    56\nName: 16, dtype: object_N    28\nName: 16, dtype: object": {
            "saa_time_mean": 419.9376405715942,
            "saa_time_std": 6.311351231305382,
            "dp_time_mean": null,
            "dp_time_std": null,
            "state_space_size": 8.522269299239293e+60
        },
        "    mid_size\nName: 17, dtype: object_T    56\nName: 17, dtype: object_N    84\nName: 17, dtype: object": {
            "saa_time_mean": 1213.4052277565002,
            "saa_time_std": 403.3568792042205,
            "dp_time_mean": null,
            "dp_time_std": null,
            "state_space_size": 6.189645276570047e+182
        },
        "    mid_size\nName: 18, dtype: object_T    84\nName: 18, dtype: object_N    14\nName: 18, dtype: object": {
            "saa_time_mean": 495.27454948425293,
            "saa_time_std": 169.60902233633053,
            "dp_time_mean": null,
            "dp_time_std": null,
            "state_space_size": 2.9192926025390627e+30
        },
        "    mid_size\nName: 19, dtype: object_T    84\nName: 19, dtype: object_N    28\nName: 19, dtype: object": {
            "saa_time_mean": 869.2876033782959,
            "saa_time_std": 4.8948450286170395,
            "dp_time_mean": null,
            "dp_time_std": null,
            "state_space_size": 8.522269299239293e+60
        },