{
    "property_analysis": {
        "small": {
            "mean_saa_time": 229.19257640838623,
            "std_saa_time": 82.4842754621444,
            "mean_state_space": 7776.0,
            "min_time": 148.875314950943,
            "max_time": 315.47356510162354
        },
        "boutique": {
            "mean_saa_time": 569.9245948553086,
            "std_saa_time": 133.9953356566425,
            "mean_state_space": 3.2254987355664482e+19,
            "min_time": 386.8048429489136,
            "max_time": 741.5381119251251
        },
        "mid_size": {
            "mean_saa_time": 748.3177398204804,
            "std_saa_time": 626.2652056094225,
            "mean_state_space": 4.0267296236094436e+23,
            "min_time": 386.1413052082062,
            "max_time": 2544.8849380016327
        }
    },
    "scaling_analysis": {
        "    boutique\nName: 0, dtype: object_T    14\nName: 0, dtype: object_N    7\nName: 0, dtype: object": {
            "saa_time_mean": 391.8025030136108,
            "saa_time_std": 4.4351287412035605,
            "dp_time_mean": null,
            "dp_time_std": null,
            "state_space_size": 8031810176.0
        },
        "    boutique\nName: 1, dtype: object_T    14\nName: 1, dtype: object_N    14\nName: 1, dtype: object": {
            "saa_time_mean": 512.5699994564056,
            "saa_time_std": 3.5525452372196717,
            "dp_time_mean": null,
            "dp_time_std": null,
            "state_space_size": 6.450997470329715e+19
        },
        "    boutique\nName: 2, dtype: object_T    28\nName: 2, dtype: object_N    7\nName: 2, dtype: object": {
            "saa_time_mean": 635.4421324253083,
            "saa_time_std": 2.052220587865397,
            "dp_time_mean": null,
            "dp_time_std": null,
            "state_space_size": 8031810176.0
        },
        "    boutique\nName: 3, dtype: object_T    28\nName: 3, dtype: object_N    14\nName: 3, dtype: object": {
            "saa_time_mean": 739.8837445259094,
            "saa_time_std": 1.986948291346797,
            "dp_time_mean": null,
            "dp_time_std": null,
            "state_space_size": 6.450997470329715e+19
        },
        "    mid_size\nName: 4, dtype: object_T    14\nName: 4, dtype: object_N    7\nName: 4, dtype: object": {
            "saa_time_mean": 388.5161157131195,
            "saa_time_std": 2.4612072491887798,
            "dp_time_mean": null,
            "dp_time_std": null,
            "state_space_size": 897410677851.0
        },
        "    mid_size\nName: 5, dtype: object_T    14\nName: 5, dtype: object_N    14\nName: 5, dtype: object": {
            "saa_time_mean": 509.0462462425232,
            "saa_time_std": 2.156753585052755,
            "dp_time_mean": null,
            "dp_time_std": null,
            "state_space_size": 8.053459247209913e+23
        },
        "    mid_size\nName: 6, dtype: object_T    28\nName: 6, dtype: object_N    7\nName: 6, dtype: object": {
            "saa_time_mean": 636.3315131187439,
            "saa_time_std": 5.958192711708935,
            "dp_time_mean": null,
            "dp_time_std": null,
            "state_space_size": 897410677851.0
        },
        "    mid_size\nName: 7, dtype: object_T    28\nName: 7, dtype: object_N    14\nName: 7, dtype: object": {
            "saa_time_mean": 1459.3770842075348,
            "saa_time_std": 990.8957308707191,
            "dp_time_mean": null,
            "dp_time_std": null,
            "state_space_size": 8.053459247209913e+23
        },
        "    small\nName: 8, dtype: object_T    7\nName: 8, dtype: object_N    5\nName: 8, dtype: object": {
            "saa_time_mean": 151.02318720817567,
            "saa_time_std": 1.2994312135768582,
            "dp_time_mean": 513.4687633991241,
            "dp_time_std": 8.321763673023408,
            "state_space_size": 7776.0
        },
        "    small\nName: 9, dtype: object_T    14\nName: 9, dtype: object_N    5\nName: 9, dtype: object": {
            "saa_time_mean": 307.3619656085968,
            "saa_time_std": 5.513916969337597,
            "dp_time_mean": 4241.64897813797,
            "dp_time_std": 7.051863899339723,
            "state_space_size": 7776.0
        }
    },
    "memory_analysis": {
        "small": {
            "peak_memory": 167.3953125,
            "memory_growth": 0.6109375,
            "memory_efficiency": 1.004825160118672
        },
        "boutique": {
            "peak_memory": 167.35859375,
            "memory_growth": 0.39140625,
            "memory_efficiency": 1.0074355752342015
        },
        "mid_size": {
            "peak_memory": 167.8640625,
            "memory_growth": 0.421875,
            "memory_efficiency": 1.0068554801550094
        }
    },
    "convergence_analysis": {
        "small": {
            "avg_iterations": 1000.0,
            "avg_improvement": -0.045147095199952234,
            "avg_final_variation": 119.9297421995656
        },
        "boutique": {
            "avg_iterations": 1000.0,
            "avg_improvement": -0.0007105319964716701,
            "avg_final_variation": 119.61555736608997
        },
        "mid_size": {
            "avg_iterations": 1000.0,
            "avg_improvement": 0.0209532516506767,
            "avg_final_variation": 119.38506951046861
        },
        "small_T7_N5": {
            "mean_saa_time": 151.02318720817567,
            "std_saa_time": 1.2994312135768595,
            "cv_saa_time": 0.00860418348730568
        },
        "small_T14_N5": {
            "mean_saa_time": 307.3619656085968,
            "std_saa_time": 5.513916969337598,
            "cv_saa_time": 0.017939490198208754
        },
        "boutique_T14_N7": {
            "mean_saa_time": 391.8025030136108,
            "std_saa_time": 4.43512874120356,
            "cv_saa_time": 0.01131980706373764
        },
        "boutique_T14_N14": {
            "mean_saa_time": 512.5699994564056,
            "std_saa_time": 3.552545237219671,
            "cv_saa_time": 0.006930848939632131
        },
        "boutique_T28_N7": {
            "mean_saa_time": 635.4421324253083,
            "std_saa_time": 2.0522205878654063,
            "cv_saa_time": 0.0032295947705460503
        },
        "boutique_T28_N14": {
            "mean_saa_time": 739.8837445259094,
            "std_saa_time": 1.9869482913467926,
            "cv_saa_time": 0.0026854871539581625
        },
        "mid_size_T14_N7": {
            "mean_saa_time": 388.5161157131195,
            "std_saa_time": 2.4612072491887824,
            "cv_saa_time": 0.0063348910113323045
        },
        "mid_size_T14_N14": {
            "mean_saa_time": 509.0462462425232,
            "std_saa_time": 2.156753585052752,
            "cv_saa_time": 0.0042368519578969985
        },
        "mid_size_T28_N7": {
            "mean_saa_time": 636.3315131187439,
            "std_saa_time": 5.958192711708919,
            "cv_saa_time": 0.009363346917249214
        },
        "mid_size_T28_N14": {
            "mean_saa_time": 1459.3770842075348,
            "std_saa_time": 990.8957308707191,
            "cv_saa_time": 0.6789853983549368
        }
    },
    "dp_feasibility": {
        "small": {
            "max_feasible_T": 14,
            "max_feasible_N": 5,
            "max_feasible_state_space": 7776.0
        }
    }
}