{
    "property_analysis": {
        "boutique": {
            "mean_saa_time": 237.81662048763698,
            "std_saa_time": 84.16524333674835,
            "mean_state_space": 1.241763432820638e+47,
            "min_time": 125.13472199440002,
            "max_time": 381.2309937477112
        },
        "mid_size": {
            "mean_saa_time": 498.0513893975152,
            "std_saa_time": 220.2271471959302,
            "mean_state_space": 2.0632150921900156e+182,
            "min_time": 250.11548900604248,
            "max_time": 836.980199098587
        },
        "large": {
            "mean_saa_time": 638.9416681289673,
            "std_saa_time": 227.78572022245783,
            "mean_state_space": 5.986257591281009e+207,
            "min_time": 380.16172194480896,
            "max_time": 996.4711790084839
        },
        "resort_chain": {
            "mean_saa_time": 667.9010966539383,
            "std_saa_time": 240.9701084576588,
            "mean_state_space": 1.1579106183941906e+233,
            "min_time": 410.16078901290894,
            "max_time": 983.7714560031891
        }
    },
    "scaling_analysis": {
        "    boutique\nName: 0, dtype: object_T    28\nName: 0, dtype: object_N    7\nName: 0, dtype: object": {
            "saa_time_mean": 126.78517456054688,
            "saa_time_std": 2.1183915648659966,
            "dp_time_mean": null,
            "dp_time_std": null,
            "state_space_size": 781250000000.0
        },
        "    boutique\nName: 1, dtype: object_T    28\nName: 1, dtype: object_N    14\nName: 1, dtype: object": {
            "saa_time_mean": 187.78846435546876,
            "saa_time_std": 4.597095457948827,
            "dp_time_mean": null,
            "dp_time_std": null,
            "state_space_size": 6.103515625e+23
        },
        "    boutique\nName: 2, dtype: object_T    28\nName: 2, dtype: object_N    28\nName: 2, dtype: object": {
            "saa_time_mean": 250.236909198761,
            "saa_time_std": 3.718345322559891,
            "dp_time_mean": null,
            "dp_time_std": null,
            "state_space_size": 3.725290298461914e+47
        },
        "    boutique\nName: 3, dtype: object_T    56\nName: 3, dtype: object_N    7\nName: 3, dtype: object": {
            "saa_time_mean": 158.47093501091004,
            "saa_time_std": 3.3548816068969343,
            "dp_time_mean": null,
            "dp_time_std": null,
            "state_space_size": 781250000000.0
        },
        "    boutique\nName: 4, dtype: object_T    56\nName: 4, dtype: object_N    14\nName: 4, dtype: object": {
            "saa_time_mean": 255.9908151626587,
            "saa_time_std": 4.45858344041178,
            "dp_time_mean": null,
            "dp_time_std": null,
            "state_space_size": 6.103515625e+23
        },
        "    boutique\nName: 5, dtype: object_T    56\nName: 5, dtype: object_N    28\nName: 5, dtype: object": {
            "saa_time_mean": 358.3436821460724,
            "saa_time_std": 5.558817185952831,
            "dp_time_mean": null,
            "dp_time_std": null,
            "state_space_size": 3.725290298461914e+47
        },
        "    boutique\nName: 6, dtype: object_T    84\nName: 6, dtype: object_N    7\nName: 6, dtype: object": {
            "saa_time_mean": 160.18639001846313,
            "saa_time_std": 2.092054451438686,
            "dp_time_mean": null,
            "dp_time_std": null,
            "state_space_size": 781250000000.0
        },
        "    boutique\nName: 7, dtype: object_T    84\nName: 7, dtype: object_N    14\nName: 7, dtype: object": {
            "saa_time_mean": 265.87567443847655,
            "saa_time_std": 2.4025989068599163,
            "dp_time_mean": null,
            "dp_time_std": null,
            "state_space_size": 6.103515625e+23
        },
        "    boutique\nName: 8, dtype: object_T    84\nName: 8, dtype: object_N    28\nName: 8, dtype: object": {
            "saa_time_mean": 376.6715394973755,
            "saa_time_std": 4.430854517642946,
            "dp_time_mean": null,
            "dp_time_std": null,
            "state_space_size": 3.725290298461914e+47
        },
        "    large\nName: 9, dtype: object_T    84\nName: 9, dtype: object_N    28\nName: 9, dtype: object": {
            "saa_time_mean": 387.0207695484161,
            "saa_time_std": 5.462115925686897,
            "dp_time_mean": null,
            "dp_time_std": null,
            "state_space_size": 2.2876792454961e+69
        },
        "    large\nName: 10, dtype: object_T    84\nName: 10, dtype: object_N    84\nName: 10, dtype: object": {
            "saa_time_mean": 735.0256373882294,
            "saa_time_std": 2.2300154950254076,
            "dp_time_mean": null,
            "dp_time_std": null,
            "state_space_size": 1.1972515182562019e+208
        },
        "    large\nName: 11, dtype: object_T    168\nName: 11, dtype: object_N    28\nName: 11, dtype: object": {
            "saa_time_mean": 426.1520033836365,
            "saa_time_std": 3.7840840795381703,
            "dp_time_mean": null,
            "dp_time_std": null,
            "state_space_size": 2.2876792454961e+69
        },
        "    large\nName: 12, dtype: object_T    168\nName: 12, dtype: object_N    84\nName: 12, dtype: object": {
            "saa_time_mean": 818.0004868030549,
            "saa_time_std": 3.237936518741207,
            "dp_time_mean": null,
            "dp_time_std": null,
            "state_space_size": 1.1972515182562019e+208
        },
        "    large\nName: 13, dtype: object_T    336\nName: 13, dtype: object_N    28\nName: 13, dtype: object": {
            "saa_time_mean": 475.9877840518951,
            "saa_time_std": 4.273848475093084,
            "dp_time_mean": null,
            "dp_time_std": null,
            "state_space_size": 2.2876792454961e+69
        },
        "    large\nName: 14, dtype: object_T    336\nName: 14, dtype: object_N    84\nName: 14, dtype: object": {
            "saa_time_mean": 991.4633275985718,
            "saa_time_std": 4.355826426123079,
            "dp_time_mean": null,
            "dp_time_std": null,
            "state_space_size": 1.1972515182562019e+208
        },
        "    mid_size\nName: 15, dtype: object_T    56\nName: 15, dtype: object_N    14\nName: 15, dtype: object": {
            "saa_time_mean": 259.68594017028806,
            "saa_time_std": 7.883482954816864,
            "dp_time_mean": null,
            "dp_time_std": null,
            "state_space_size": 2.9192926025390627e+30
        },
        "    mid_size\nName: 16, dtype: object_T    56\nName: 16, dtype: object_N    28\nName: 16, dtype: object": {
            "saa_time_mean": 433.7597372531891,
            "saa_time_std": 27.505098370998965,
            "dp_time_mean": null,
            "dp_time_std": null,
            "state_space_size": 8.522269299239293e+60
        },
        "    mid_size\nName: 17, dtype: object_T    56\nName: 17, dtype: object_N    84\nName: 17, dtype: object": {
            "saa_time_mean": 819.3474126815796,
            "saa_time_std": 21.62849591960308,
            "dp_time_mean": null,
            "dp_time_std": null,
            "state_space_size": 6.189645276570047e+182
        },
        "    mid_size\nName: 18, dtype: object_T    84\nName: 18, dtype: object_N    14\nName: 18, dtype: object": {
            "saa_time_mean": 314.00328335762026,
            "saa_time_std": 48.09284107949702,
            "dp_time_mean": null,
            "dp_time_std": null,
            "state_space_size": 2.9192926025390627e+30
        },
        "    mid_size\nName: 19, dtype: object_T    84\nName: 19, dtype: object_N    28\nName: 19, dtype: object": {
            "saa_time_mean": 380.52631163597107,
            "saa_time_std": 1.6193472017693047,
            "dp_time_mean": null,
            "dp_time_std": null,
            "state_space_size": 8.522269299239293e+60
        },