{
    "overall": {
        "mean_revenue_gap": 1.661312279345785,
        "std_revenue_gap": 2.3651254013910945,
        "mean_dp_time": 0.5148351166666667,
        "mean_saa_time": 13.605196833610535
    },
    "statistical_tests": {
        "t_statistic": 9.874296878296303,
        "p_value": 1.661607432618978e-19
    },
    "confidence_intervals": {
        "revenue_gap_lower": 1.360565199404447,
        "revenue_gap_upper": 1.9620593592871232
    },
    "by_capacity": {
        "3": {
            "revenue_gap_mean": 1.6319718603641127,
            "revenue_gap_std": 2.2774462478930886,
            "dp_time_mean": 0.2584595,
            "saa_time_mean": 13.734066965182622
        },
        "5": {
            "revenue_gap_mean": 1.6906526983274575,
            "revenue_gap_std": 2.4588911328662557,
            "dp_time_mean": 0.7712107333333333,
            "saa_time_mean": 13.476326702038447
        }
    }
}